{
    "0": {
        "rmse": 1.9451960715315864,
        "mae": 1.4018920844780665,
        "r2": 0.8709231326533531
    },
    "1": {
        "rmse": 2.674474015644596,
        "mae": 1.4924213431935258,
        "r2": 0.9084755411208093
    },
    "2": {
        "rmse": 2.341505103173389,
        "mae": 1.6723239355383905,
        "r2": 0.9046118421184863
    },
    "3": {
        "rmse": 1.5142889492747977,
        "mae": 0.9343379525577321,
        "r2": 0.8734819662512654
    },
    "4": {
        "rmse": 2.2928053883677353,
        "mae": 1.3346285731950087,
        "r2": 0.7867083341830443
    },
    "5": {
        "rmse": 2.76234533897018,
        "mae": 1.2932111200815453,
        "r2": 0.7127584957209299
    },
    "6": {
        "rmse": 10.728247606268374,
        "mae": 5.7880841495402775,
        "r2": 0.8028466906038626
    },
    "7": {
        "rmse": 0.21490587453094515,
        "mae": 0.12651258104761956,
        "r2": 0.9999915659576539
    },
    "8": {
        "rmse": 12.041412193528412,
        "mae": 8.389365499457282,
        "r2": 0.8139176981047105
    },
    "9": {
        "rmse": 11.082245370826008,
        "mae": 6.3572551782496545,
        "r2": 0.7463892450585626
    },
    "10": {
        "rmse": 10.918550610175297,
        "mae": 6.049961319690242,
        "r2": 0.7334849319798421
    },
    "11": {
        "rmse": 3.5940690033143685,
        "mae": 2.4224517215791885,
        "r2": 0.7795628484467825
    },
    "12": {
        "rmse": 2.3672503781620744,
        "mae": 1.4972061570407094,
        "r2": 0.769048981835066
    },
    "13": {
        "rmse": 4.365328747700461,
        "mae": 2.4470944058603585,
        "r2": 0.7048813620530734
    },
    "14": {
        "rmse": 8.87105749717824,
        "mae": 5.061630315518524,
        "r2": 0.7469913390262786
    },
    "15": {
        "rmse": 0.17725834217384973,
        "mae": 0.11509366319165565,
        "r2": 0.9999372776278516
    },
    "16": {
        "rmse": 0.1816827414867868,
        "mae": 0.1248299316621507,
        "r2": 0.9909194556452366
    },
    "17": {
        "rmse": 27.45995275231568,
        "mae": 17.48685644894352,
        "r2": 0.7549044151721472
    },
    "18": {
        "rmse": 0.24180587268260015,
        "mae": 0.1179937121479585,
        "r2": 0.9999903887085614
    },
    "19": {
        "rmse": 6.986903061421718,
        "mae": 4.500381374045422,
        "r2": 0.8481476039263738
    },
    "20": {
        "rmse": 6.166669704617325,
        "mae": 4.075234850313057,
        "r2": 0.9021039653095145
    },
    "21": {
        "rmse": 10.054995346375486,
        "mae": 6.513994514016532,
        "r2": 0.8140905331863062
    },
    "22": {
        "rmse": 2.97260729692976,
        "mae": 2.1195664233818654,
        "r2": 0.8742570520920843
    },
    "23": {
        "rmse": 18.326490575615846,
        "mae": 12.194458393933544,
        "r2": 0.8716121138236734
    },
    "24": {
        "rmse": 25.862966096069147,
        "mae": 15.756141197832324,
        "r2": 0.8108708853155528
    },
    "25": {
        "rmse": 12.094467191757024,
        "mae": 7.5949580390908435,
        "r2": 0.8148414633783868
    },
    "26": {
        "rmse": 31.895944700648116,
        "mae": 21.14251436320793,
        "r2": 0.887062475863228
    },
    "27": {
        "rmse": 28.493233321616362,
        "mae": 19.54215511845657,
        "r2": 0.8805409880342491
    },
    "28": {
        "rmse": 0.2904286757833887,
        "mae": 0.15886614639856952,
        "r2": 0.999780222313141
    },
    "29": {
        "rmse": 4.7104865644244445,
        "mae": 3.3803821495374042,
        "r2": 0.7489427474460656
    },
    "30": {
        "rmse": 18.28976160692907,
        "mae": 11.215837219238281,
        "r2": 0.7916694615816473
    },
    "31": {
        "rmse": 28.585872952498597,
        "mae": 21.1145116297404,
        "r2": 0.7916257383539449
    },
    "32": {
        "rmse": 5.182212584514476,
        "mae": 3.308586474776268,
        "r2": 0.9247959940235059
    },
    "33": {
        "rmse": 0.18106744179009757,
        "mae": 0.12392045647144954,
        "r2": 0.9999554658036335
    },
    "34": {
        "rmse": 2.0654514935970254,
        "mae": 0.8458912612611946,
        "r2": 0.5904389701481763
    },
    "35": {
        "rmse": 7.944280175958947,
        "mae": 5.832785155683915,
        "r2": 0.7810096883089953
    },
    "36": {
        "rmse": 0.82575349466891,
        "mae": 0.5362301336069661,
        "r2": 0.7797594715539549
    },
    "37": {
        "rmse": 2.6651031884576017,
        "mae": 1.5095837100958214,
        "r2": 0.9085415095369956
    },
    "38": {
        "rmse": 1.7720951727997838,
        "mae": 1.0040598234899363,
        "r2": 0.848659643588159
    },
    "39": {
        "rmse": 1.1215486023793557,
        "mae": 0.75184634889322,
        "r2": 0.7882758336039132
    },
    "40": {
        "rmse": 1.4692291685186643,
        "mae": 0.970094111102868,
        "r2": 0.8777112978889011
    },
    "41": {
        "rmse": 35.16957351144025,
        "mae": 26.149827629502056,
        "r2": 0.8497095042257514
    },
    "42": {
        "rmse": 28.529938517460554,
        "mae": 20.236684077646025,
        "r2": 0.7865744415482303
    },
    "43": {
        "rmse": 27.64416414285806,
        "mae": 17.71824197031719,
        "r2": 0.8195657024607621
    },
    "44": {
        "rmse": 8.573666981050762,
        "mae": 5.890890887755453,
        "r2": 0.8081859376944149
    },
    "45": {
        "rmse": 2.1058466583866884,
        "mae": 1.4379480318725109,
        "r2": 0.8916305091025117
    },
    "46": {
        "rmse": 2.077110493132916,
        "mae": 1.4200514069729002,
        "r2": 0.8133739522876574
    },
    "47": {
        "rmse": 4.6750144523067805,
        "mae": 2.8634323241408834,
        "r2": 0.8089088954981378
    },
    "48": {
        "rmse": 0.15153257079665086,
        "mae": 0.10404210177445995,
        "r2": 0.9999942192149992
    },
    "49": {
        "rmse": 0.1584835567790394,
        "mae": 0.11495324967885426,
        "r2": 0.999992639455006
    },
    "50": {
        "rmse": 4.563078353772911,
        "mae": 3.1652461704889743,
        "r2": 0.8797128637574485
    },
    "51": {
        "rmse": 2.407258358512019,
        "mae": 1.4471368647837437,
        "r2": 0.9865435574685752
    },
    "52": {
        "rmse": 14.023832656315944,
        "mae": 8.587241763737296,
        "r2": 0.825828338947173
    },
    "53": {
        "rmse": 10.991080511154385,
        "mae": 7.014152348548089,
        "r2": 0.8618015599141331
    },
    "54": {
        "rmse": 0.18821768625993482,
        "mae": 0.10898315477705,
        "r2": 0.9999330140776613
    },
    "55": {
        "rmse": 4.09384094408437,
        "mae": 2.4087453435948976,
        "r2": 0.839914540261264
    },
    "56": {
        "rmse": 24.969606373371647,
        "mae": 16.25707588215186,
        "r2": 0.848489304524611
    },
    "57": {
        "rmse": 8.919441564163998,
        "mae": 5.3573789913094485,
        "r2": 0.8263119268344538
    },
    "58": {
        "rmse": 14.615414453255282,
        "mae": 8.796031897016423,
        "r2": 0.7304877926581724
    },
    "59": {
        "rmse": 16.804908504878593,
        "mae": 11.273779063320028,
        "r2": 0.8359642948796001
    },
    "60": {
        "rmse": 10.272044498210887,
        "mae": 6.30499816026524,
        "r2": 0.8595169256242443
    },
    "61": {
        "rmse": 16.853861262685346,
        "mae": 10.133888038068374,
        "r2": 0.8174213262174793
    },
    "62": {
        "rmse": 0.17972064547103858,
        "mae": 0.10816671613162078,
        "r2": 0.9999241192660947
    },
    "63": {
        "rmse": 19.65692823580995,
        "mae": 12.14069016861589,
        "r2": 0.8088740569007619
    },
    "64": {
        "rmse": 12.0835514667484,
        "mae": 7.135169941663742,
        "r2": 0.8893177652006586
    },
    "65": {
        "rmse": 34.4205238543456,