{
    "SS Enclave HT": {
        "rmse": 5.470339962229121,
        "mae": 4.0679146999782985,
        "r2": 0.38759364493207416
    },
    "Royal Court HT": {
        "rmse": 88.89388254066138,
        "mae": 60.116476474338114,
        "r2": 0.7359036102315709
    },
    "VT-4": {
        "rmse": 1286.9318631935453,
        "mae": 815.044810655382,
        "r2": 0.4584067469273335
    },
    "Jamia HT METER": {
        "rmse": 27.865954326326758,
        "mae": 22.542342380947538,
        "r2": 0.05451825143807032
    },
    "GULSHAN HT": {
        "rmse": 12.112252878682696,
        "mae": 8.856335379282635,
        "r2": 0.8434537232683482
    },
    "GULSHAN Common Meter": {
        "rmse": 27.48756761085322,
        "mae": 19.711271222432455,
        "r2": 0.7881265774840712
    },
    "Paramount (COMMON SEN)": {
        "rmse": 34.59352790027747,
        "mae": 26.529301291571723,
        "r2": 0.468618667399185
    },
    "Apex Golf Avenue HT SEN": {
        "rmse": 20.89333212097369,
        "mae": 16.262428080240884,
        "r2": 0.6795732055464507
    },
    "FLORA HT SEN": {
        "rmse": 10.497719025823514,
        "mae": 8.049080895317925,
        "r2": 0.5791615796887679
    },
    "omaxe NRI City housing": {
        "rmse": 22.42988095741225,
        "mae": 16.927700341542565,
        "r2": 0.8626645367170596
    },
    "VT-7": {
        "rmse": 2987.1401623163806,
        "mae": 1605.7214339362251,
        "r2": 0.9491035402489466
    },
    "VT-1": {
        "rmse": 112.15906283877217,
        "mae": 76.75083851284451,
        "r2": 0.752398547880329
    },
    "AXIS BANK": {
        "rmse": 3236.2969995102508,
        "mae": 1918.008893722958,
        "r2": 0.3684427295030165
    },
    "Greenwood socity": {
        "rmse": 753.1565604348054,
        "mae": 470.76386608547637,
        "r2": 0.43647752060121214
    },
    "Aims Green HT": {
        "rmse": 8.938923433444119,
        "mae": 6.86704699198405,
        "r2": 0.6874395446818259
    },
    "GAUR ATULYAM HT": {
        "rmse": 21.09895526033554,
        "mae": 15.910374649895559,
        "r2": 0.7690343499241927
    },
    "JM Commane HT": {
        "rmse": 44.94213218378841,
        "mae": 28.768772048420377,
        "r2": 0.6254786668017593
    },
    "Mahagun Mantra HT": {
        "rmse": 16.38932841134009,
        "mae": 12.49286651823256,
        "r2": 0.6031043983000743
    },
    "UNITECH HT": {
        "rmse": 74.57839366417889,
        "mae": 53.494335581461584,
        "r2": 0.46011971220671233
    },
    "PANCHSHEEL _HT": {
        "rmse": 56.15449234517084,
        "mae": 40.50316948784722,
        "r2": 0.8009298424951226
    }
}